x,y
0.0,-3.713142656031926e-05
0.0010005002501250625,-3.713142656031926e-05
0.002001000500250125,-3.713142656031926e-05
0.003001500750375187,-3.713142656031926e-05
0.00400200100050025,-3.713142656031926e-05
0.0050025012506253125,-3.713142656031926e-05
0.006003001500750374,-5.108328455940306e-05
0.007003501750875437,-5.108328455940306e-05
0.0080040020010005,-7.005178077480788e-05
0.009004502251125562,-7.005178077480788e-05
0.010005002501250625,-7.005178077480788e-05
0.011005502751375688,-7.005178077480788e-05
0.012006003001500749,-9.575525301137992e-05
0.013006503251625811,-9.575525301137992e-05
0.014007003501750874,-9.575525301137992e-05
0.015007503751875937,-9.575525301137992e-05
0.016008004002001,-9.575525301137992e-05
0.01700850425212606,-9.575525301137992e-05
0.018009004502251125,-0.0001304694895328
0.019009504752376186,-0.0001304694895328
0.02001000500250125,-0.0001304694895328
0.02101050525262631,-0.0001304694895328
0.022011005502751375,-0.0001304694895328
0.023011505752876436,-0.0001771977072911
0.024012006003001497,-0.0001771977072911
0.02501250625312656,-0.0001771977072911
0.026013006503251623,-0.0001771977072911
0.027013506753376687,-0.0001771977072911
0.028014007003501748,-0.0002398887352447
0.029014507253626812,-0.0002398887352447
0.030015007503751873,-0.0002398887352447
0.031015507753876938,-0.0003237159214487
0.032016008004002,-0.0003237159214487
0.03301650825412706,-0.0004354321857003
0.03401700850425212,-0.0004354321857003
0.03501750875437719,-0.0004354321857003
0.03601800900450225,-0.0004354321857003
0.03701850925462731,-0.0005838201160078
0.03801900950475237,-0.0005838201160078
0.03901950975487744,-0.0005838201160078
0.0400200100050025,-0.000780260142849
0.04102051025512756,-0.000780260142849
0.04202101050525262,-0.000780260142849
0.04302151075537768,-0.000780260142849
0.04402201100550275,-0.000780260142849
0.04502251125562781,-0.0010394447113233
0.04602301150575287,-0.0010394447113233
0.047023511755877934,-0.0010394447113233
0.048024012006002995,-0.0010394447113233
0.04902451225612806,-0.0010394447113233
0.05002501250625312,-0.0013802721025521
0.051025512756378184,-0.0013802721025521
0.052026013006503245,-0.0013802721025521
0.05302651325662831,-0.0013802721025521
0.054027013506753374,-0.0013802721025521
0.055027513756878435,-0.0013802721025521
0.056028014007003496,-0.0018269602274025
0.05702851425712856,-0.0018269602274025
0.058029014507253625,-0.0024104284200035
0.059029514757378686,-0.0024104284200035
0.06003001500750375,-0.0024104284200035
0.06103051525762881,-0.0024104284200035
0.062031015507753876,-0.0024104284200035
0.06303151575787894,-0.0024104284200035
0.064032016008004,-0.0024104284200035
0.06503251625812906,-0.0024104284200035
0.06603301650825412,-0.0031700040796592
0.06703351675837918,-0.0031700040796592
0.06803401700850424,-0.0031700040796592
0.06903451725862932,-0.0031700040796592
0.07003501750875438,-0.0031700040796592
0.07103551775887944,-0.0041555210171937
0.0720360180090045,-0.0041555210171937
0.07303651825912956,-0.0041555210171937
0.07403701850925462,-0.0041555210171937
0.07503751875937968,-0.0041555210171937
0.07603801900950474,-0.0041555210171937
0.0770385192596298,-0.0054298876026382
0.07803901950975488,-0.0070722153007192
0.07903951975987994,-0.0070722153007192
0.080040020010005,-0.0070722153007192
0.08104052026013006,-0.0091816118907961
0.08204102051025512,-0.0091816118907961
0.08304152076038018,-0.0091816118907961
0.08404202101050524,-0.0091816118907961
0.0850425212606303,-0.0091816118907961
0.08604302151075537,-0.0118817585144182
0.08704352176088044,-0.0118817585144182
0.0880440220110055,-0.0153264055210696
0.08904452226113056,-0.0153264055210696
0.09004502251125562,-0.0153264055210696
0.09104552276138068,-0.019705938647956
0.09204602301150575,-0.019705938647956
0.0930465232616308,-0.019705938647956
0.09404702351175587,-0.019705938647956
0.09504752376188093,-0.019705938647956
0.09604802401200599,-0.019705938647956
0.09704852426213106,-0.0252551840246066
0.09804902451225612,-0.0252551840246066
0.09904952476238119,-0.0252551840246066
0.10005002501250625,-0.0322626373654083
0.10105052526263131,-0.0322626373654083
0.10205102551275637,-0.0322626373654083
0.10305152576288143,-0.0322626373654083
0.10405202601300649,-0.0322626373654083
0.10505252626313155,-0.0322626373654083
0.10605302651325663,-0.041081318887888
0.10705352676338169,-0.041081318887888
0.10805402701350675,-0.0521414701951477
0.10905452726363181,-0.0521414701951477
0.11005502751375687,-0.0659653216324813
0.11105552776388193,-0.0659653216324813
0.11205602801400699,-0.0659653216324813
0.11305652826413205,-0.0659653216324813
0.11405702851425711,-0.0659653216324813
0.11505752876438219,-0.0659653216324813
0.11605802901450725,-0.0831841673232764
0.11705852926463231,-0.0831841673232764
0.11805902951475737,-0.0831841673232764
0.11905952976488243,-0.0831841673232764
0.1200600300150075,-0.0831841673232764
0.12106053026513255,-0.1045579888573065
0.12206103051525762,-0.1309978658874967
0.12306153076538268,-0.1309978658874967
0.12406203101550775,-0.1309978658874967
0.1250625312656328,-0.1635914009269852
0.12606303151575787,-0.1635914009269852
0.12706353176588292,-0.1635914009269852
0.128064032016008,-0.1635914009269852
0.12906453226613307,-0.1635914009269852
0.13006503251625812,-0.203631364472865
0.1310655327663832,-0.2526477330949183
0.13206603301650824,-0.2526477330949183
0.1330665332666333,-0.2526477330949183
0.13406703351675836,-0.3124432450656124
0.13506753376688344,-0.3851325331433551
0.13606803401700848,-0.3851325331433551
0.13706853426713356,-0.3851325331433551
0.13806903451725863,-0.4731848099194863
0.13906953476738368,-0.4731848099194863
0.14007003501750875,-0.4731848099194863
0.1410705352676338,-0.5794699754469804
0.14207103551775888,-16.585641504446258
0.14307153576788392,-16.585641504446258
0.144072036018009,-16.585641504446258
0.14507253626813404,-16.585641504446258
0.14607303651825912,-43.37031383092813
0.1470735367683842,-43.37031383092813
0.14807403701850924,-43.37031383092813
0.14907453726863432,-67.50303242955553
0.15007503751875936,-67.50303242955553
0.15107553776888444,-67.50303242955553
0.15207603801900949,-67.50303242955553
0.15307653826913456,-67.50303242955553
0.1540770385192596,-67.50303242955553
0.15507753876938468,-87.47793029028568
0.15607803901950976,-87.47793029028568
0.1570785392696348,-87.47793029028568
0.15807903951975988,-87.47793029028568
0.15907953976988493,-87.47793029028568
0.16008004002001,-87.47793029028568
0.16108054027013505,-87.47793029028568
0.16208104052026012,-87.47793029028568
0.16308154077038517,-102.0542933719804
0.16408204102051024,-102.0542933719804
0.16508254127063532,-102.0542933719804
0.16608304152076037,-110.33524206740316
0.16708354177088544,-111.8247650591791
0.1680840420210105,-111.8247650591791
0.16908454227113556,-111.8247650591791
0.1700850425212606,-111.8247650591791
0.17108554277138568,-111.8247650591791
0.17208604302151073,-106.45950902302248
0.1730865432716358,-106.45950902302248
0.17408704352176088,-106.45950902302248
0.17508754377188593,-94.61331954468052
0.176088044022011,-94.61331954468052
0.17708854427213605,-77.07424684020604
0.17808904452226113,-77.07424684020604
0.17908954477238617,-77.07424684020604
0.18009004502251125,-77.07424684020604
0.1810905452726363,-54.99546599983874
0.18209104552276137,-54.99546599983874
0.18309154577288644,-54.99546599983874
0.1840920460230115,-54.99546599983874
0.18509254627313657,-54.99546599983874
0.1860930465232616,-54.99546599983874
0.1870935467733867,-54.99546599983874
0.18809404702351173,-29.82320598054513
0.1890945472736368,-29.82320598054513
0.19009504752376186,-29.82320598054513
0.19109554777388693,-29.82320598054513
0.19209604802401198,-29.82320598054513
0.19309654827413705,-29.82320598054513
0.19409704852426213,-29.82320598054513
0.19509754877438718,-3.206230700346248
0.19609804902451225,-3.206230700346248
0.1970985492746373,23.10742208351761
0.19809904952476237,23.10742208351761
0.19909954977488742,47.379936226796026
0.2001000500250125,47.379936226796026
0.20110055027513754,47.379936226796026
0.20210105052526262,47.379936226796026
0.2031015507753877,67.99254761966495
0.20410205102551274,67.99254761966495
0.2051025512756378,67.99254761966495
0.20610305152576286,67.99254761966495
0.20710355177588793,83.54685415657275
0.20810405202601298,83.54685415657275
0.20910455227613806,83.54685415657275
0.2101050525262631,83.54685415657275
0.21110555277638818,83.54685415657275
0.21210605302651325,92.952226403094
0.2131065532766383,92.952226403094
0.21410705352676337,92.952226403094
0.21510755377688842,95.49381922151778
0.2161080540270135,90.87691078701536
0.21710855427713854,90.87691078701536
0.21810905452726362,79.24479126517733
0.21910955477738867,79.24479126517733
0.22011005502751374,79.24479126517733
0.22111055527763882,61.16909452165656
0.22211105552776386,61.16909452165656
0.22311155577788894,37.61320712368767
0.22411205602801398,37.61320712368767
0.22511255627813906,37.61320712368767
0.2261130565282641,37.61320712368767
0.22711355677838918,9.871089689188771
0.22811405702851423,9.871089689188771
0.2291145572786393,9.871089689188771
0.23011505752876438,9.871089689188771
0.23111555777888942,9.871089689188771
0.2321160580290145,9.871089689188771
0.23311655827913955,9.871089689188771
0.23411705852926462,9.871089689188771
0.23511755877938967,9.871089689188771
0.23611805902951474,-20.51460101824468
0.2371185592796398,-20.51460101824468
0.23811905952976486,-20.51460101824468
0.23911955977988994,-20.51460101824468
0.240120060030015,-20.51460101824468
0.24112056028014006,-20.51460101824468
0.2421210605302651,-20.51460101824468
0.24312156078039018,-20.51460101824468
0.24412206103051523,-20.51460101824468
0.2451225612806403,-34.601793494160226
0.24612306153076535,-34.601793494160226
0.24712356178089043,-34.601793494160226
0.2481240620310155,-34.601793494160226
0.24912456228114055,-34.601793494160226
0.2501250625312656,-38.61182160858503
0.2511255627813907,-38.61182160858503
0.25212606303151575,-38.61182160858503
0.2531265632816408,-38.61182160858503
0.25412706353176584,-42.92106815062535
0.25512756378189094,-42.92106815062535
0.256128064032016,-42.92106815062535
0.25712856428214104,-42.92106815062535
0.25812906453226614,-47.524961367354166
0.2591295647823912,-47.524961367354166
0.26013006503251623,-47.524961367354166
0.2611305652826413,-52.4135182488415
0.2621310655327664,-52.4135182488415
0.26313156578289143,-52.4135182488415
0.2641320660330165,-52.4135182488415
0.2651325662831415,-52.4135182488415
0.2661330665332666,-52.4135182488415
0.2671335667833917,-57.57059832387432
0.2681340670335167,-57.57059832387432
0.2691345672836418,-57.57059832387432
0.27013506753376687,-57.57059832387432
0.2711355677838919,-57.57059832387432
0.27213606803401696,-62.97315426951922
0.27313656828414207,-62.97315426951922
0.2741370685342671,-68.59049458043258
0.27513756878439216,-68.59049458043258
0.27613806903451726,-68.59049458043258
0.2771385692846423,-68.59049458043258
0.27813906953476736,-68.59049458043258
0.2791395697848924,-74.38357550531653
0.2801400700350175,-80.30434126099276
0.28114057028514255,-80.30434126099276
0.2821410705352676,-80.30434126099276
0.28314157078539265,-80.30434126099276
0.28414207103551775,-86.2951331081726
0.2851425712856428,-86.2951331081726
0.28614307153576785,-92.28818914353752
0.28714357178589295,-92.28818914353752
0.288144072036018,-92.28818914353752
0.28914457228614304,-92.28818914353752
0.2901450725362681,-98.20525755603448
0.2911455727863932,-98.20525755603448
0.29214607303651824,-98.20525755603448
0.2931465732866433,-98.20525755603448
0.2941470735367684,-98.20525755603448
0.29514757378689344,-103.95734653882631
0.2961480740370185,-103.95734653882631
0.29714857428714353,-103.95734653882631
0.29814907453726863,-103.95734653882631
0.2991495747873937,-103.95734653882631
0.3001500750375187,-109.44463397371318
0.3011505752876438,-109.44463397371318
0.3021510755377689,-109.44463397371318
0.3031515757878939,-109.44463397371318
0.30415207603801897,-109.44463397371318
0.3051525762881441,-114.55655935033444
0.3061530765382691,-114.55655935033444
0.30715357678839417,-114.55655935033444
0.3081540770385192,-119.17211909570987
0.3091545772886443,-119.17211909570987
0.31015507753876936,-119.17211909570987
0.3111555777888944,-123.16038453031756
0.3121560780390195,-126.3812590091345
0.31315657828914456,-126.3812590091345
0.3141570785392696,-126.3812590091345
0.31515757878939465,-126.3812590091345
0.31615807903951976,-126.3812590091345
0.3171585792896448,-126.3812590091345
0.31815907953976985,-126.3812590091345
0.3191595797898949,-126.3812590091345
0.32016008004002,-126.3812590091345
0.32116058029014505,-128.6864874410234
0.3221610805402701,-128.6864874410234
0.3231615807903952,-128.6864874410234
0.32416208104052024,-128.6864874410234
0.3251625812906453,-128.6864874410234
0.32616308154077034,-128.6864874410234
0.32716358179089544,-129.9209273176758
0.3281640820410205,-129.9209273176758
0.32916458229114554,-129.9209273176758
0.33016508254127064,-129.9209273176758
0.3311655827913957,-129.9209273176758
0.33216608304152073,-129.9209273176758
0.3331665832916458,-129.92408565487975
0.3341670835417709,-129.92408565487975
0.33516758379189593,-129.92408565487975
0.336168084042021,-129.92408565487975
0.337168584292146,-129.92408565487975
0.3381690845422711,-129.92408565487975
0.3391695847923962,-129.92408565487975
0.3401700850425212,-128.5319209069667
0.3411705852926463,-128.5319209069667
0.34217108554277137,-128.5319209069667
0.3431715857928964,-128.5319209069667
0.34417208604302146,-125.5789030352726
0.34517258629314657,-120.9003185913202
0.3461730865432716,-120.9003185913202
0.34717358679339666,-120.9003185913202
0.34817408704352176,-114.33480103508091
0.3491745872936468,-114.33480103508091
0.35017508754377186,-105.72705968850576
0.3511755877938969,-105.72705968850576
0.352176088044022,-105.72705968850576
0.35317658829414705,-105.72705968850576
0.3541770885442721,-94.93077388318312
0.35517758879439715,-94.93077388318312
0.35617808904452225,-94.93077388318312
0.3571785892946473,-94.93077388318312
0.35817908954477234,-94.93077388318312
0.35917958979489745,-94.93077388318312
0.3601800900450225,-81.81161217248642
0.36118059029514754,-81.81161217248642
0.3621810905452726,-81.81161217248642
0.3631815907953977,-81.81161217248642
0.36418209104552274,-81.81161217248642
0.3651825912956478,-81.81161217248642
0.3661830915457729,-81.81161217248642
0.36718359179589793,-66.25033012846093
0.368184092046023,-66.25033012846093
0.36918459229614803,-66.25033012846093
0.37018509254627313,-48.14589442473404
0.3711855927963982,-48.14589442473404
0.3721860930465232,-48.14589442473404
0.3731865932966483,-48.14589442473404
0.3741870935467734,-48.14589442473404
0.3751875937968984,-48.14589442473404
0.37618809404702347,-48.14589442473404
0.37718859429714857,-48.14589442473404
0.3781890945472736,-27.41857581376229
0.37918959479739867,-27.41857581376229
0.3801900950475237,-27.41857581376229
0.3811905952976488,-27.41857581376229
0.38219109554777386,-27.41857581376229
0.3831915957978989,-27.41857581376229
0.38419209604802396,-4.012949431246484
0.38519259629814906,-4.012949431246484
0.3861930965482741,-4.012949431246484
0.38719359679839915,-4.012949431246484
0.38819409704852426,-4.012949431246484
0.3891945972986493,-4.012949431246484
0.39019509754877435,-4.012949431246484
0.3911955977988994,-4.012949431246484
0.3921960980490245,-4.012949431246484
0.39319659829914955,50.91657002654986
0.3941970985492746,82.4053897101878
0.3951975987993997,82.4053897101878
0.39619809904952474,82.4053897101878
0.3971985992996498,82.4053897101878
0.39819909954977484,116.49806951919886
0.39919959979989994,116.49806951919886
0.400200100050025,116.49806951919886
0.40120060030015003,116.49806951919886
0.4022011005502751,153.09133730478894
0.4032016008004002,153.09133730478894
0.40420210105052523,153.09133730478894
0.4052026013006503,153.09133730478894
0.4062031015507754,153.09133730478894
0.4072036018009004,192.0452254569153
0.4082041020510255,192.0452254569153
0.4092046023011505,192.0452254569153
0.4102051025512756,233.1825262384004
0.41120560280140067,233.1825262384004
0.4122061030515257,233.1825262384004
0.4132066033016508,233.1825262384004
0.41420710355177587,233.1825262384004
0.4152076038019009,233.1825262384004
0.41620810405202596,233.1825262384004
0.41720860430215106,233.1825262384004
0.4182091045522761,233.1825262384004
0.41920960480240116,276.2888223310348
0.4202101050525262,276.2888223310348
0.4212106053026513,276.2888223310348
0.42221110555277636,276.2888223310348
0.4232116058029014,276.2888223310348
0.4242121060530265,276.2888223310348
0.42521260630315155,321.1131281922596
0.4262131065532766,321.1131281922596
0.42721360680340165,321.1131281922596
0.42821410705352675,321.1131281922596
0.4292146073036518,321.1131281922596
0.43021510755377684,321.1131281922596
0.43121560780390195,321.1131281922596
0.432216108054027,321.1131281922596
0.43321660830415204,321.1131281922596
0.4342171085542771,367.36916720639925
0.4352176088044022,414.73729778934063
0.43621810905452724,414.73729778934063
0.4372186093046523,414.73729778934063
0.43821910955477733,414.73729778934063
0.43921960980490243,462.8670887988933
0.4402201100550275,462.8670887988933
0.4412206103051525,462.8670887988933
0.44222111055527763,462.8670887988933
0.4432216108054027,462.8670887988933
0.4442221110555277,511.380531084263
0.44522261130565277,511.380531084263
0.4462231115557779,559.8758580812748
0.4472236118059029,559.8758580812748
0.44822411205602797,559.8758580812748
0.44922461230615307,607.9319343571174
0.4502251125562781,607.9319343571174
0.45122561280640316,607.9319343571174
0.4522261130565282,607.9319343571174
0.4532266133066533,607.9319343571174
0.45422711355677836,655.113157280471
0.4552276138069034,655.113157280471
0.45622811405702846,655.113157280471
0.45722861430715356,655.113157280471
0.4582291145572786,700.9748039008272
0.45922961480740365,700.9748039008272
0.46023011505752875,700.9748039008272
0.4612306153076538,700.9748039008272
0.46223111555777885,700.9748039008272
0.4632316158079039,786.9494217237292
0.464232116058029,786.9494217237292
0.46523261630815405,786.9494217237292
0.4662331165582791,786.9494217237292
0.4672336168084042,786.9494217237292
0.46823411705852924,786.9494217237292
0.4692346173086543,786.9494217237292
0.47023511755877934,826.1800264318815
0.47123561780890444,826.1800264318815
0.4722361180590295,826.1800264318815
0.47323661830915453,826.1800264318815
0.4742371185592796,862.3387116640383
0.4752376188094047,862.3387116640383
0.47623811905952973,862.3387116640383
0.4772386193096548,862.3387116640383
0.4782391195597799,862.3387116640383
0.4792396198099049,895.02478449133
0.48024012006003,895.02478449133
0.481240620310155,923.8647304053796
0.4822411205602801,948.5179662564158
0.48324162081040517,948.5179662564158
0.4842421210605302,968.6822086144743
0.4852426213106553,968.6822086144743
0.48624312156078037,968.6822086144743
0.4872436218109054,968.6822086144743
0.48824412206103046,968.6822086144743
0.48924462231115556,984.0983511840049
0.4902451225612806,984.0983511840049
0.49124562281140566,994.5547527266666
0.4922461230615307,994.5547527266666
0.4932466233116558,999.8908471711804
0.49424712356178085,999.8908471711804
0.4952476238119059,999.8908471711804
0.496248124062031,999.8908471711804
0.49724862431215605,999.8908471711804
0.4982491245622811,999.8908471711804
0.49924962481240615,999.8908471711804
0.5002501250625312,1000.0
0.5012506253126563,1000.0
0.5022511255627814,1000.0
0.5032516258129064,1000.0
0.5042521260630315,994.8315493239782
0.5052526263131566,994.8315493239782
0.5062531265632816,994.8315493239782
0.5072536268134067,994.8315493239782
0.5082541270635317,994.8315493239782
0.5092546273136568,994.8315493239782
0.5102551275637819,984.391985955201
0.5112556278139069,984.391985955201
0.512256128064032,968.7452438849176
0.5132566283141571,968.7452438849176
0.5142571285642821,968.7452438849176
0.5152576288144072,968.7452438849176
0.5162581290645323,968.7452438849176
0.5172586293146573,948.0120904516756
0.5182591295647824,948.0120904516756
0.5192596298149074,948.0120904516756
0.5202601300650325,948.0120904516756
0.5212606303151576,948.0120904516756
0.5222611305652826,922.3686237040048
0.5232616308154077,892.0439025706453
0.5242621310655328,892.0439025706453
0.5252626313156578,857.3167529999067
0.5262631315657829,857.3167529999067
0.527263631815908,857.3167529999067
0.528264132066033,857.3167529999067
0.5292646323161581,818.5118097842313
0.530265132566283,775.9948689404815
0.5312656328164082,775.9948689404815
0.5322661330665333,775.9948689404815
0.5332666333166582,775.9948689404815
0.5342671335667833,775.9948689404815
0.5352676338169085,775.9948689404815
0.5362681340670334,775.9948689404815
0.5372686343171585,730.1676389049252
0.5382691345672836,730.1676389049252
0.5392696348174086,730.1676389049252
0.5402701350675337,730.1676389049252
0.5412706353176588,730.1676389049252
0.5422711355677838,730.1676389049252
0.5432716358179089,730.1676389049252
0.5442721360680339,681.461990108653
0.545272636318159,681.461990108653
0.5462731365682841,681.461990108653
0.5472736368184091,681.461990108653
0.5482741370685342,681.461990108653
0.5492746373186593,681.461990108653
0.5502751375687843,630.3338114674854
0.5512756378189094,630.3338114674854
0.5522761380690345,577.2565887593539
0.5532766383191595,522.7148236507746
0.5542771385692846,522.7148236507746
0.5552776388194096,522.7148236507746
0.5562781390695347,522.7148236507746
0.5572786393196598,467.1974132240452
0.5582791395697848,467.1974132240452
0.5592796398199099,467.1974132240452
0.560280140070035,411.1911082722564
0.56128064032016,355.1741644642755
0.5622811405702851,355.1741644642755
0.5632816408204102,355.1741644642755
0.5642821410705352,355.1741644642755
0.5652826413206603,355.1741644642755
0.5662831415707853,355.1741644642755
0.5672836418209104,355.1741644642755
0.5682841420710355,355.1741644642755
0.5692846423211605,299.6102938965132
0.5702851425712856,299.6102938965132
0.5712856428214107,299.6102938965132
0.5722861430715357,299.6102938965132
0.5732866433216608,299.6102938965132
0.5742871435717859,299.6102938965132
0.5752876438219109,244.94301576203932
0.576288144072036,244.94301576203932
0.5772886443221611,244.94301576203932
0.5782891445722861,191.5904941514493
0.5792896448224112,191.5904941514493
0.5802901450725362,191.5904941514493
0.5812906453226613,191.5904941514493
0.5822911455727864,139.94093866754193
0.5832916458229114,139.94093866754193
0.5842921460730365,139.94093866754193
0.5852926463231616,139.94093866754193
0.5862931465732866,90.34862993302052
0.5872936468234117,90.34862993302052
0.5882941470735368,43.13061756462197
0.5892946473236618,43.13061756462197
0.5902951475737869,43.13061756462197
0.5912956478239119,43.13061756462197
0.592296148074037,43.13061756462197
0.5932966483241621,43.13061756462197
0.5942971485742871,43.13061756462197
0.5952976488244122,43.13061756462197
0.5962981490745373,43.13061756462197
0.5972986493246623,43.13061756462197
0.5982991495747874,-1.4358768437528098
0.5992996498249125,-43.11533436447059
0.6003001500750375,-43.11533436447059
0.6013006503251626,-43.11533436447059
0.6023011505752875,-43.11533436447059
0.6033016508254126,-43.11533436447059
0.6043021510755378,-81.71508860012744
0.6053026513256627,-81.71508860012744
0.6063031515757878,-81.71508860012744
0.607303651825913,-81.71508860012744
0.6083041520760379,-117.0857627540564
0.609304652326163,-117.0857627540564
0.6103051525762881,-117.0857627540564
0.6113056528264131,-117.0857627540564
0.6123061530765382,-117.0857627540564
0.6133066533266633,-149.12101940138686
0.6143071535767883,-149.12101940138686
0.6153076538269134,-149.12101940138686
0.6163081540770384,-149.12101940138686
0.6173086543271635,-149.12101940138686
0.6183091545772886,-177.75666079737448
0.6193096548274136,-177.75666079737448
0.6203101550775387,-177.75666079737448
0.6213106553276638,-202.96912849830272
0.6223111555777888,-202.96912849830272
0.6233116558279139,-224.7734604128894
0.624312156078039,-224.7734604128894
0.625312656328164,-224.7734604128894
0.6263131565782891,-243.2207710068076
0.6273136568284141,-258.39532615902453
0.6283141570785392,-258.39532615902453
0.6293146573286643,-258.39532615902453
0.6303151575787893,-258.39532615902453
0.6313156578289144,-270.411288076637
0.6323161580790395,-270.411288076637
0.6333166583291645,-270.411288076637
0.6343171585792896,-270.411288076637
0.6353176588294147,-270.411288076637
0.6363181590795397,-270.411288076637
0.6373186593296648,-270.411288076637
0.6383191595797898,-279.4092077247745
0.6393196598299149,-279.4092077247745
0.64032016008004,-279.4092077247745
0.641320660330165,-279.4092077247745
0.6423211605802901,-279.4092077247745
0.6433216608304152,-279.4092077247745
0.6443221610805402,-285.5523424766338
0.6453226613306653,-285.5523424766338
0.6463231615807904,-285.5523424766338
0.6473236618309154,-289.0228752350329
0.6483241620810405,-289.0228752350329
0.6493246623311655,-289.0228752350329
0.6503251625812906,-290.01810825777426
0.6513256628314157,-290.01810825777426
0.6523261630815407,-290.01810825777426
0.6533266633316658,-290.01810825777426
0.6543271635817909,-290.01810825777426
0.6553276638319159,-290.01810825777426
0.656328164082041,-290.01810825777426
0.6573286643321661,-445.7794269139951
0.6583291645822911,-445.7794269139951
0.6593296648324162,-445.7794269139951
0.6603301650825413,-445.7794269139951
0.6613306653326663,-445.7794269139951
0.6623311655827914,-470.1361329698096
0.6633316658329164,-470.1361329698096
0.6643321660830415,-485.1913776366292
0.6653326663331666,-485.1913776366292
0.6663331665832916,-485.1913776366292
0.6673336668334167,-485.1913776366292
0.6683341670835418,-485.1913776366292
0.6693346673336668,-485.1913776366292
0.6703351675837919,-485.1913776366292
0.671335667833917,-490.3492778474259
0.672336168084042,-490.3492778474259
0.673336668334167,-490.3492778474259
0.674337168584292,-490.3492778474259
0.6753376688344171,-490.3492778474259
0.6763381690845423,-485.347155625427
0.6773386693346672,-485.347155625427
0.6783391695847923,-485.347155625427
0.6793396698349174,-485.347155625427
0.6803401700850424,-485.347155625427
0.6813406703351675,-485.347155625427
0.6823411705852926,-485.347155625427
0.6833416708354176,-470.2722990479529
0.6843421710855427,-470.2722990479529
0.6853426713356677,-470.2722990479529
0.6863431715857928,-470.2722990479529
0.6873436718359179,-445.5646826374064
0.6883441720860429,-445.5646826374064
0.689344672336168,-445.5646826374064
0.6903451725862931,-445.5646826374064
0.6913456728364181,-445.5646826374064
0.6923461730865432,-445.5646826374064
0.6933466733366683,-412.0054554518736
0.6943471735867933,-412.0054554518736
0.6953476738369184,-412.0054554518736
0.6963481740870435,-370.6915862197216
0.6973486743371685,-370.6915862197216
0.6983491745872936,-322.9976209990619
0.6993496748374186,-322.9976209990619
0.7003501750875437,-322.9976209990619
0.7013506753376688,-270.5260369829375
0.7023511755877938,-270.5260369829375
0.7033516758379189,-270.5260369829375
0.704352176088044,-270.5260369829375
0.705352676338169,-215.04814468807072
0.7063531765882941,-215.04814468807072
0.7073536768384192,-215.04814468807072
0.7083541770885442,-158.43788074140528
0.7093546773386693,-158.43788074140528
0.7103551775887943,-158.43788074140528
0.7113556778389194,-158.43788074140528
0.7123561780890445,-158.43788074140528
0.7133566783391695,-102.60112888239384
0.7143571785892946,-102.60112888239384
0.7153576788394197,-102.60112888239384
0.7163581790895447,-102.60112888239384
0.7173586793396698,-49.4033955308938
0.7183591795897949,-49.4033955308938
0.7193596798399199,-49.4033955308938
0.720360180090045,-0.5987405565466584
0.72136068034017,-0.5987405565466584
0.7223611805902951,-0.5987405565466584
0.7233616808404202,-0.5987405565466584
0.7243621810905452,-0.5987405565466584
0.7253626813406703,-0.5987405565466584
0.7263631815907954,42.2371794066871
0.7273636818409204,42.2371794066871
0.7283641820910455,42.2371794066871
0.7293646823411706,42.2371794066871
0.7303651825912956,42.2371794066871
0.7313656828414207,42.2371794066871
0.7323661830915458,42.2371794066871
0.7333666833416708,77.76725698956967
0.7343671835917959,77.76725698956967
0.7353676838419209,77.76725698956967
0.736368184092046,77.76725698956967
0.7373686843421711,104.94384017805864
0.7383691845922961,104.94384017805864
0.7393696848424212,104.94384017805864
0.7403701850925463,104.94384017805864
0.7413706853426713,123.04833681554828
0.7423711855927964,123.04833681554828
0.7433716858429215,123.04833681554828
0.7443721860930465,123.04833681554828
0.7453726863431716,123.04833681554828
0.7463731865932965,131.71790749598833
0.7473736868434216,131.71790749598833
0.7483741870935467,131.71790749598833
0.7493746873436717,131.71790749598833
0.7503751875937968,131.71790749598833
0.751375687843922,131.71790749598833
0.7523761880940469,130.95815423002009
0.753376688344172,130.95815423002009
0.7543771885942971,130.95815423002009
0.7553776888444221,130.95815423002009
0.7563781890945472,130.95815423002009
0.7573786893446722,130.95815423002009
0.7583791895947973,121.14127454411882
0.7593796898449224,121.14127454411882
0.7603801900950474,102.9897350945174
0.7613806903451725,102.9897350945174
0.7623811905952976,102.9897350945174
0.7633816908454226,102.9897350945174
0.7643821910955477,77.54610180167217
0.7653826913456728,77.54610180167217
0.7663831915957978,46.13022134222932
0.7673836918459229,46.13022134222932
0.7683841920960479,46.13022134222932
0.769384692346173,10.285458981572708
0.7703851925962981,10.285458981572708
0.7713856928464231,10.285458981572708
0.7723861930965482,10.285458981572708
0.7733866933466733,10.285458981572708
0.7743871935967983,10.285458981572708
0.7753876938469234,10.285458981572708
0.7763881940970485,10.285458981572708
0.7773886943471735,-28.283860482869983
0.7783891945972986,-28.283860482869983
0.7793896948474237,-28.283860482869983
0.7803901950975487,-28.283860482869983
0.7813906953476738,-28.283860482869983
0.7823911955977988,-67.7813063868981
0.7833916958479239,-67.7813063868981
0.784392196098049,-67.7813063868981
0.785392696348174,-106.3907333933176
0.7863931965982991,-106.3907333933176
0.7873936968484242,-142.34930941151384
0.7883941970985492,-142.34930941151384
0.7893946973486743,-142.34930941151384
0.7903951975987994,-199.9484416963484
0.7913956978489244,-218.9382677593043
0.7923961980990495,-218.9382677593043
0.7933966983491745,-218.9382677593043
0.7943971985992996,-230.0814113196325
0.7953976988494247,-230.0814113196325
0.7963981990995497,-230.0814113196325
0.7973986993496748,-230.0814113196325
0.7983991995997999,-230.0814113196325
0.7993996998499249,-230.0814113196325
0.80040020010005,-232.8026296902733
0.8014007003501751,-232.8026296902733
0.8024012006003001,-232.8026296902733
0.8034017008504252,-232.8026296902733
0.8044022011005502,-232.8026296902733
0.8054027013506753,-232.8026296902733
0.8064032016008004,-232.8026296902733
0.8074037018509254,-226.88012602920247
0.8084042021010505,-226.88012602920247
0.8094047023511756,-226.88012602920247
0.8104052026013006,-226.88012602920247
0.8114057028514257,-226.88012602920247
0.8124062031015508,-226.88012602920247
0.8134067033516758,-212.45361052794084
0.8144072036018009,-212.45361052794084
0.815407703851926,-212.45361052794084
0.816408204102051,-212.45361052794084
0.817408704352176,-190.0177413673966
0.818409204602301,-160.40122240800665
0.8194097048524261,-160.40122240800665
0.8204102051025512,-160.40122240800665
0.8214107053526762,-160.40122240800665
0.8224112056028013,-160.40122240800665
0.8234117058529264,-124.7324128525426
0.8244122061030514,-124.7324128525426
0.8254127063531765,-124.7324128525426
0.8264132066033016,-84.3928479026701
0.8274137068534266,-84.3928479026701
0.8284142071035517,-40.960556748623794
0.8294147073536767,-40.960556748623794
0.8304152076038018,-40.960556748623794
0.8314157078539269,-40.960556748623794
0.8324162081040519,-40.960556748623794
0.833416708354177,-40.960556748623794
0.8344172086043021,3.854524612157103
0.8354177088544271,3.854524612157103
0.8364182091045522,3.854524612157103
0.8374187093546773,3.854524612157103
0.8384192096048023,3.854524612157103
0.8394197098549274,3.854524612157103
0.8404202101050524,48.280429858725846
0.8414207103551775,48.280429858725846
0.8424212106053026,48.280429858725846
0.8434217108554276,90.55549954804252
0.8444222111055527,90.55549954804252
0.8454227113556778,90.55549954804252
0.8464232116058028,90.55549954804252
0.8474237118559279,129.000251994262
0.848424212106053,129.000251994262
0.849424712356178,162.08588057681757
0.8504252126063031,162.08588057681757
0.8514257128564282,162.08588057681757
0.8524262131065532,162.08588057681757
0.8534267133566783,188.4966074702775
0.8544272136068033,188.4966074702775
0.8554277138569284,188.4966074702775
0.8564282141070535,188.4966074702775
0.8574287143571785,207.1833729389207
0.8584292146073036,-0.8763309555718142
0.8594297148574287,-0.8763309555718142
0.8604302151075537,-0.8763309555718142
0.8614307153576788,-0.8763309555718142
0.8624312156078039,-0.8763309555718142
0.8634317158579289,-0.7142210051978555
0.864432216108054,-0.7142210051978555
0.865432716358179,-0.7142210051978555
0.8664332166083041,-0.7142210051978555
0.8674337168584292,-0.7142210051978555
0.8684342171085542,-0.5802129110343672
0.8694347173586793,-0.5802129110343672
0.8704352176088044,-0.4698222502953448
0.8714357178589294,-0.4698222502953448
0.8724362181090545,-0.4698222502953448
0.8734367183591796,-0.4698222502953448
0.8744372186093046,-0.3792034019983585
0.8754377188594297,-0.3050733498532045
0.8764382191095547,-0.3050733498532045
0.8774387193596798,-0.3050733498532045
0.8784392196098049,-0.3050733498532045
0.8794397198599299,-0.3050733498532045
0.880440220110055,-0.3050733498532045
0.8814407203601801,-0.3050733498532045
0.882441220610305,-0.2446417606525403
0.8834417208604302,-0.2446417606525403
0.8844422211105553,-0.2446417606525403
0.8854427213606803,-0.2446417606525403
0.8864432216108054,-0.2446417606525403
0.8874437218609305,-0.1955473793907694
0.8884442221110554,-0.1955473793907694
0.8894447223611806,-0.1955473793907694
0.8904452226113055,-0.1558006389335277
0.8914457228614306,-0.1558006389335277
0.8924462231115557,-0.1558006389335277
0.8934467233616807,-0.1558006389335277
0.8944472236118058,-0.1558006389335277
0.8954477238619309,-0.1237322704466616
0.8964482241120559,-0.1237322704466616
0.897448724362181,-0.1237322704466616
0.8984492246123061,-0.1237322704466616
0.8994497248624311,-0.1237322704466616
0.9004502251125562,-0.0979476173844247
0.9014507253626812,-0.0979476173844247
0.9024512256128063,-0.0979476173844247
0.9034517258629314,-0.0772862969738484
0.9044522261130564,-0.0772862969738484
0.9054527263631815,-0.0772862969738484
0.9064532266133066,-0.0772862969738484
0.9074537268634316,-0.0607868152133472
0.9084542271135567,-0.0607868152133472
0.9094547273636818,-0.0607868152133472
0.9104552276138068,-0.0476557209819095
0.9114557278639319,-0.0476557209819095
0.9124562281140569,-0.0476557209819095
0.913456728364182,-0.0476557209819095
0.9144572286143071,-0.0476557209819095
0.9154577288644321,-0.0372408787138904
0.9164582291145572,-0.0372408787138904
0.9174587293646823,-0.0372408787138904
0.9184592296148073,-0.0290084442976926
0.9194597298649324,-0.0290084442976926
0.9204602301150575,-0.0290084442976926
0.9214607303651825,-0.0290084442976926
0.9224612306153076,-0.0290084442976926
0.9234617308654326,-0.0290084442976926
0.9244622311155577,-0.0225231427805954
0.9254627313656828,-0.0225231427805954
0.9264632316158078,-0.0225231427805954
0.9274637318659329,-0.0225231427805954
0.928464232116058,-0.0225231427805954
0.929464732366183,-0.0225231427805954
0.9304652326163081,-0.0174314668085811
0.9314657328664332,-0.0174314668085811
0.9324662331165582,-0.0174314668085811
0.9334667333666833,-0.0174314668085811
0.9344672336168084,-0.0103406132553118
0.9354677338669334,-0.0103406132553118
0.9364682341170585,-0.0103406132553118
0.9374687343671835,-0.0103406132553118
0.9384692346173086,-0.0103406132553118
0.9394697348674337,-0.0103406132553118
0.9404702351175587,-0.00792600427577
0.9414707353676838,-0.00792600427577
0.9424712356178089,-0.00792600427577
0.9434717358679339,-0.00792600427577
0.944472236118059,-0.00792600427577
0.9454727363681841,-0.0060556934220437
0.9464732366183091,-0.0060556934220437
0.9474737368684342,-0.0046118510216664
0.9484742371185592,-0.0046118510216664
0.9494747373686843,-0.0046118510216664
0.9504752376188094,-0.0035009724401615
0.9514757378689344,-0.0035009724401615
0.9524762381190595,-0.0026491365927768
0.9534767383691846,-0.0026491365927768
0.9544772386193096,-0.0026491365927768
0.9554777388694347,-0.0026491365927768
0.9564782391195598,-0.0026491365927768
0.9574787393696848,-0.0019981240044376
0.9584792396198099,-0.0019981240044376
0.9594797398699348,-0.0019981240044376
0.96048024012006,-0.0019981240044376
0.961480740370185,-0.0019981240044376
0.96248124062031,-0.0019981240044376
0.9634817408704351,-0.0019981240044376
0.9644822411205602,-0.0015022531481446
0.9654827413706852,-0.0015022531481446
0.9664832416208103,-0.0015022531481446
0.9674837418709354,-0.0011258138028347
0.9684842421210604,-0.0011258138028347
0.9694847423711855,-0.0011258138028347
0.9704852426213106,-0.0011258138028347
0.9714857428714356,-0.0011258138028347
0.9724862431215607,-0.0008409940512819
0.9734867433716857,-0.0008409940512819
0.9744872436218108,-0.0008409940512819
0.9754877438719359,-0.0006262133533755
0.9764882441220609,-0.0006262133533755
0.977488744372186,-0.0006262133533755
0.9784892446223111,-0.0006262133533755
0.9794897448724361,-0.0004647879888566
0.9804902451225612,-0.0004647879888566
0.9814907453726863,-0.0004647879888566
0.9824912456228113,-0.0004647879888566
0.9834917458729364,-0.0004647879888566
0.9844922461230614,-0.0004647879888566
0.9854927463731865,-0.0004647879888566
0.9864932466233116,-0.0003438672034471
0.9874937468734366,-0.0003438672034471
0.9884942471235617,-0.0002535887673
0.9894947473736868,-0.0002535887673
0.9904952476238118,-0.0002535887673
0.9914957478739369,-0.0002535887673
0.992496248124062,-0.0002535887673
0.993496748374187,-0.0002535887673
0.9944972486243121,-0.0001864115266841
0.9954977488744371,-0.0001864115266841
0.9964982491245622,-0.0001864115266841
0.9974987493746873,-0.0001864115266841
0.9984992496248123,-0.0001864115266841
0.9994997498749374,-0.0001864115266841
1.0005002501250624,-0.0001365900614091
1.0015007503751876,-0.0001365900614091
1.0025012506253126,-0.0001365900614091
1.0035017508754376,-0.0001365900614091
1.0045022511255628,-9.97629098609656e-05
1.0055027513756878,-7.263114062729884e-05
1.0065032516258128,-7.263114062729884e-05
1.007503751875938,-5.270847385990516e-05
1.008504252126063,-5.270847385990516e-05
1.009504752376188,-3.8127813953666975e-05
1.0105052526263132,-3.8127813953666975e-05
1.0115057528764382,-3.8127813953666975e-05
1.0125062531265632,-3.8127813953666975e-05
1.0135067533766882,-3.8127813953666975e-05
1.0145072536268134,-3.8127813953666975e-05
1.0155077538769384,-3.8127813953666975e-05
1.0165082541270634,-3.8127813953666975e-05
1.0175087543771886,-2.7492062231781343e-05
1.0185092546273136,-2.7492062231781343e-05
1.0195097548774386,-2.7492062231781343e-05
1.0205102551275638,-2.7492062231781343e-05
1.0215107553776888,-1.9759535704619043e-05
1.0225112556278138,-1.9759535704619043e-05
1.023511755877939,-1.9759535704619043e-05
1.024512256128064,-1.9759535704619043e-05
1.025512756378189,-1.9759535704619043e-05
1.0265132566283142,-1.9759535704619043e-05
1.0275137568784392,-1.415631474475666e-05
1.0285142571285641,-1.415631474475666e-05
1.0295147573786894,-1.415631474475666e-05
1.0305152576288144,-1.415631474475666e-05
1.0315157578789393,-1.0109456072050955e-05
1.0325162581290646,-1.0109456072050955e-05
1.0335167583791895,-1.0109456072050955e-05
1.0345172586293145,-1.0109456072050955e-05
1.0355177588794398,-1.0109456072050955e-05
1.0365182591295647,-7.1963042864850845e-06
1.0375187593796897,-7.1963042864850845e-06
1.0385192596298147,-7.1963042864850845e-06
1.03951975987994,-7.1963042864850845e-06
1.040520260130065,-5.106171984104736e-06
1.04152076038019,-5.106171984104736e-06
1.0425212606303151,-5.106171984104736e-06
1.0435217608804401,-3.6114830988237967e-06
1.0445222611305651,-3.6114830988237967e-06
1.0455227613806903,-2.546126626036449e-06
1.0465232616308153,-2.546126626036449e-06
1.0475237618809403,-2.546126626036449e-06
1.0485242621310655,-2.546126626036449e-06
1.0495247623811905,-2.546126626036449e-06
1.0505252626313155,-2.546126626036449e-06
1.0515257628814407,-2.546126626036449e-06
1.0525262631315657,-2.546126626036449e-06
1.0535267633816907,-2.546126626036449e-06
1.054527263631816,-2.546126626036449e-06
1.055527763881941,-1.7892816416239674e-06
1.056528264132066,-1.7892816416239674e-06
1.0575287643821911,-1.2533770519231897e-06
1.0585292646323161,-1.2533770519231897e-06
1.059529764882441,-1.2533770519231897e-06
1.060530265132566,-1.2533770519231897e-06
1.0615307653826913,-8.751633555825212e-07
1.0625312656328163,-8.751633555825212e-07
1.0635317658829413,-6.091172362430894e-07
1.0645322661330665,-6.091172362430894e-07
1.0655327663831915,-6.091172362430894e-07
1.0665332666333165,-6.091172362430894e-07
1.0675337668834417,-6.091172362430894e-07
1.0685342671335667,-4.225878971465076e-07
1.0695347673836917,-4.225878971465076e-07
1.070535267633817,-2.922386438652127e-07
1.071535767883942,-2.922386438652127e-07
1.0725362681340669,-2.922386438652127e-07
1.073536768384192,-2.0144786833466493e-07
1.074537268634317,-2.0144786833466493e-07
1.075537768884442,-2.0144786833466493e-07
1.0765382691345673,-2.0144786833466493e-07
1.0775387693846923,-2.0144786833466493e-07
1.0785392696348173,-2.0144786833466493e-07
1.0795397698849425,-1.3841787258681328e-07
1.0805402701350675,-1.3841787258681328e-07
1.0815407703851925,-1.3841787258681328e-07
1.0825412706353177,-1.3841787258681328e-07
1.0835417708854427,-9.480388669126413e-08
1.0845422711355677,-9.480388669126413e-08
1.0855427713856927,-9.480388669126413e-08
1.0865432716358179,-9.480388669126413e-08
1.0875437718859429,-6.472388972544838e-08
1.0885442721360679,-6.472388972544838e-08
1.089544772386193,-6.472388972544838e-08
1.090545272636318,-4.4046112602297844e-08
1.091545772886443,-4.4046112602297844e-08
1.0925462731365683,-4.4046112602297844e-08
1.0935467733866933,-4.4046112602297844e-08
1.0945472736368183,-4.4046112602297844e-08
1.0955477738869435,-4.4046112602297844e-08
1.0965482741370685,-4.4046112602297844e-08
1.0975487743871934,-4.4046112602297844e-08
1.0985492746373187,-4.4046112602297844e-08
1.0995497748874437,-2.9878244867623726e-08
1.1005502751375686,-2.9878244867623726e-08
1.1015507753876939,-2.0202592973077933e-08
1.1025512756378189,-2.0202592973077933e-08
1.1035517758879438,-2.0202592973077933e-08
1.104552276138069,-2.0202592973077933e-08
1.105552776388194,-1.3616443605401284e-08
1.106553276638319,-1.3616443605401284e-08
1.1075537768884443,-1.3616443605401284e-08
1.1085542771385692,-9.14797197697547e-09
1.1095547773886942,-9.14797197697547e-09
1.1105552776388192,-9.14797197697547e-09
1.1115557778889444,-9.14797197697547e-09
1.1125562781390694,-9.14797197697547e-09
1.1135567783891944,-9.14797197697547e-09
1.1145572786393196,-6.126190892809647e-09
1.1155577788894446,-6.126190892809647e-09
1.1165582791395696,-4.089411368638694e-09
1.1175587793896948,-4.089411368638694e-09
1.1185592796398198,-4.089411368638694e-09
1.1195597798899448,-4.089411368638694e-09
1.12056028014007,-4.089411368638694e-09
1.121560780390195,-2.721044584420881e-09
1.12256128064032,-2.721044584420881e-09
1.1235617808904452,-1.8047419206628163e-09
1.1245622811405702,-1.8047419206628163e-09
1.1255627813906952,-1.8047419206628163e-09
1.1265632816408204,-1.1931612832113707e-09
1.1275637818909454,-1.1931612832113707e-09
1.1285642821410704,-1.1931612832113707e-09
1.1295647823911956,-7.86299144306584e-10
1.1305652826413206,-7.86299144306584e-10
1.1315657828914456,-5.165127706216701e-10
1.1325662831415706,-5.165127706216701e-10
1.1335667833916958,-5.165127706216701e-10
1.1345672836418208,-5.165127706216701e-10
1.1355677838919458,-5.165127706216701e-10
1.136568284142071,-5.165127706216701e-10
1.137568784392196,-5.165127706216701e-10
1.138569284642321,-5.165127706216701e-10
1.1395697848924462,-3.3820415615422754e-10
1.1405702851425712,-3.3820415615422754e-10
1.1415707853926962,-3.3820415615422754e-10
1.1425712856428214,-3.3820415615422754e-10
1.1435717858929464,-3.3820415615422754e-10
1.1445722861430714,-3.3820415615422754e-10
1.1455727863931966,-2.2074020302592312e-10
1.1465732866433216,-2.2074020302592312e-10
1.1475737868934466,-2.2074020302592312e-10
1.1485742871435718,-2.2074020302592312e-10
1.1495747873936968,-2.2074020302592312e-10
1.1505752876438218,-2.2074020302592312e-10
1.151575787893947,-2.2074020302592312e-10
1.152576288144072,-2.2074020302592312e-10
1.153576788394197,-1.4361128248911558e-10
1.1545772886443222,-1.4361128248911558e-10
1.1555777888944472,-1.4361128248911558e-10
1.1565782891445722,-1.4361128248911558e-10
1.1575787893946972,-1.4361128248911558e-10
1.1585792896448224,-9.313229678131479e-11
1.1595797898949474,-9.313229678131479e-11
1.1605802901450724,-9.313229678131479e-11
1.1615807903951976,-9.313229678131479e-11
1.1625812906453226,-6.020280134096292e-11
1.1635817908954476,-6.020280134096292e-11
1.1645822911455728,-6.020280134096292e-11
1.1655827913956978,-6.020280134096292e-11
1.1665832916458228,-6.020280134096292e-11
1.167583791895948,-3.879160283135658e-11
1.168584292146073,-3.879160283135658e-11
1.169584792396198,-3.879160283135658e-11
1.1705852926463232,-2.4915143337869324e-11
1.1715857928964482,-1.5951212461994078e-11
1.1725862931465731,-1.5951212461994078e-11
1.1735867933966984,-1.5951212461994078e-11
1.1745872936468233,-1.5951212461994078e-11
1.1755877938969483,-1.017955179301137e-11
1.1765882941470736,-1.017955179301137e-11
1.1775887943971985,-1.017955179301137e-11
1.1785892946473235,-1.017955179301137e-11
1.1795897948974485,-1.017955179301137e-11
1.1805902951475737,-6.475424780230124e-12
1.1815907953976987,-6.475424780230124e-12
1.1825912956478237,-6.475424780230124e-12
1.183591795897949,-4.1059392713463806e-12
1.184592296148074,-4.1059392713463806e-12
1.185592796398199,-4.1059392713463806e-12
1.1865932966483241,-2.5951438441412174e-12
1.1875937968984491,-2.5951438441412174e-12
1.1885942971485741,-2.5951438441412174e-12
1.1895947973986993,-2.5951438441412174e-12
1.1905952976488243,-2.5951438441412174e-12
1.1915957978989493,-2.5951438441412174e-12
1.1925962981490745,-2.5951438441412174e-12
1.1935967983991995,-1.6349896395712648e-12
1.1945972986493245,-1.6349896395712648e-12
1.1955977988994497,-1.6349896395712648e-12
1.1965982991495747,-1.6349896395712648e-12
1.1975987993996997,-1.6349896395712648e-12
1.198599299649825,-1.6349896395712648e-12
1.19959979989995,-1.026770147984376e-12
1.200600300150075,-1.026770147984376e-12
1.2016008004002001,-1.026770147984376e-12
1.2026013006503251,-1.026770147984376e-12
1.20360180090045,-1.026770147984376e-12
1.204602301150575,-1.026770147984376e-12
1.2056028014007003,-6.427411754177372e-13
1.2066033016508253,-6.427411754177372e-13
1.2076038019009503,-6.427411754177372e-13
1.2086043021510755,-4.0105475866288394e-13
1.2096048024012005,-2.49445623384396e-13
1.2106053026513255,-2.49445623384396e-13
1.2116058029014507,-2.49445623384396e-13
1.2126063031515757,-2.49445623384396e-13
1.2136068034017007,-1.5465101269442774e-13
1.214607303651826,-1.5465101269442774e-13
1.215607803901951,-1.5465101269442774e-13
1.2166083041520759,-1.5465101269442774e-13
1.217608804402201,-1.5465101269442774e-13
1.218609304652326,-1.5465101269442774e-13
1.219609804902451,-1.5465101269442774e-13
1.2206103051525763,-9.557280100004566e-14
1.2216108054027013,-9.557280100004566e-14
1.2226113056528263,-5.887359119297063e-14
1.2236118059029515,-5.887359119297063e-14
1.2246123061530765,-5.887359119297063e-14
1.2256128064032015,-5.887359119297063e-14
1.2266133066533267,-5.887359119297063e-14
1.2276138069034517,-5.887359119297063e-14
1.2286143071535767,-3.615025874604462e-14
1.2296148074037017,-3.615025874604462e-14
1.2306153076538269,-2.2126206538165852e-14
1.2316158079039519,-2.2126206538165852e-14
1.2326163081540769,-1.3499173665771914e-14
1.233616808404202,-1.3499173665771914e-14
1.234617308654327,-8.209412504904478e-15
1.235617808904452,-8.209412504904478e-15
1.2366183091545773,-8.209412504904478e-15
1.2376188094047023,-8.209412504904478e-15
1.2386193096548272,-8.209412504904478e-15
1.2396198099049525,-4.9764729167473266e-15
1.2406203101550775,-4.9764729167473266e-15
1.2416208104052024,-4.9764729167473266e-15
1.2426213106553277,-4.9764729167473266e-15
1.2436218109054527,-4.9764729167473266e-15
1.2446223111555776,-4.9764729167473266e-15
1.2456228114057029,-4.9764729167473266e-15
1.2466233116558278,-4.9764729167473266e-15
1.2476238119059528,-4.9764729167473266e-15
1.248624312156078,-3.0070170059449136e-15
1.249624812406203,-3.0070170059449136e-15
1.250625312656328,-1.8111515726561345e-15
1.251625812906453,-1.8111515726561345e-15
1.2526263131565782,-1.8111515726561345e-15
1.2536268134067032,-1.8111515726561345e-15
1.2546273136568282,-1.0873725986649344e-15
1.2556278139069534,-1.0873725986649344e-15
1.2566283141570784,-6.50738717668799e-16
1.2576288144072034,-6.50738717668799e-16
1.2586293146573286,-6.50738717668799e-16
1.2596298149074536,-6.50738717668799e-16
1.2606303151575786,-6.50738717668799e-16
1.2616308154077038,-6.50738717668799e-16
1.2626313156578288,-6.50738717668799e-16
1.2636318159079538,-3.8818574672104653e-16
1.264632316158079,-3.8818574672104653e-16
1.265632816408204,-3.8818574672104653e-16
1.266633316658329,-3.8818574672104653e-16
1.2676338169084542,-2.3082199958141133e-16
1.2686343171585792,-1.368105186387168e-16
1.2696348174087042,-1.368105186387168e-16
1.2706353176588294,-1.368105186387168e-16
1.2716358179089544,-1.368105186387168e-16
1.2726363181590794,-1.368105186387168e-16
1.2736368184092046,-8.082886053610219e-17
1.2746373186593296,-8.082886053610219e-17
1.2756378189094546,-4.7601221897287584e-17
1.2766383191595796,-4.7601221897287584e-17
1.2776388194097048,-4.7601221897287584e-17
1.2786393196598298,-4.7601221897287584e-17
1.2796398199099548,-4.7601221897287584e-17
1.28064032016008,-2.794308958363329e-17
1.281640820410205,-9.53676544746326e-18
1.28264132066033,-5.544615802347436e-18
1.2836418209104552,-5.544615802347436e-18
1.2846423211605802,-5.544615802347436e-18
1.2856428214107052,-5.544615802347436e-18
1.2866433216608304,-5.544615802347436e-18
1.2876438219109554,-5.544615802347436e-18
1.2886443221610804,-3.2132646340039457e-18
1.2896448224112056,-3.2132646340039457e-18
1.2906453226613306,-3.2132646340039457e-18
1.2916458229114556,-3.2132646340039457e-18
1.2926463231615808,-3.2132646340039457e-18
1.2936468234117058,-3.2132646340039457e-18
1.2946473236618308,-1.856206156994175e-18
1.295647823911956,-1.856206156994175e-18
1.296648324162081,-1.856206156994175e-18
1.297648824412206,-1.0688348430001285e-18
1.298649324662331,-1.0688348430001285e-18
1.2996498249124562,-1.0688348430001285e-18
1.3006503251625812,-6.134789654274502e-19
1.3016508254127062,-6.134789654274502e-19
1.3026513256628314,-6.134789654274502e-19
1.3036518259129564,-6.134789654274502e-19
1.3046523261630814,-6.134789654274502e-19
1.3056528264132066,-3.5098893846942103e-19
1.3066533266633316,-3.5098893846942103e-19
1.3076538269134566,-3.5098893846942103e-19
1.3086543271635818,-3.5098893846942103e-19
1.3096548274137068,-3.5098893846942103e-19
1.3106553276638317,-2.0016671544408872e-19
1.311655827913957,-2.0016671544408872e-19
1.312656328164082,-2.0016671544408872e-19
1.313656828414207,-2.0016671544408872e-19
1.3146573286643322,-2.0016671544408872e-19
1.3156578289144572,-2.0016671544408872e-19
1.3166583291645821,-1.1378761010314327e-19
1.3176588294147074,-1.1378761010314327e-19
1.3186593296648323,-1.1378761010314327e-19
1.3196598299149573,-1.1378761010314327e-19
1.3206603301650826,-1.1378761010314327e-19
1.3216608304152075,-6.447669519653823e-20
1.3226613306653325,-6.447669519653823e-20
1.3236618309154575,-6.447669519653823e-20
1.3246623311655827,-6.447669519653823e-20
1.3256628314157077,-3.641792883122115e-20
1.3266633316658327,-3.641792883122115e-20
1.327663831915958,-3.641792883122115e-20
1.328664332166083,-2.050370746247965e-20
1.329664832416208,-2.050370746247965e-20
1.3306653326663331,-2.050370746247965e-20
1.3316658329164581,-2.050370746247965e-20
1.3326663331665831,-2.050370746247965e-20
1.3336668334167083,-1.1506791172382746e-20
1.3346673336668333,-1.1506791172382746e-20
1.3356678339169583,-1.1506791172382746e-20
1.3366683341670835,-1.1506791172382746e-20
1.3376688344172085,-6.4369590569798025e-21
1.3386693346673335,-6.4369590569798025e-21
1.3396698349174587,-6.4369590569798025e-21
1.3406703351675837,-6.4369590569798025e-21
1.3416708354177087,-6.4369590569798025e-21
1.342671335667834,-6.4369590569798025e-21
1.343671835917959,-3.589318048707611e-21
1.344672336168084,-3.589318048707611e-21
1.3456728364182091,-1.9950225992501178e-21
1.346673336668334,-1.9950225992501178e-21
1.347673836918459,-1.9950225992501178e-21
1.348674337168584,-1.9950225992501178e-21
1.3496748374187093,-1.105320888565466e-21
1.3506753376688343,-1.105320888565466e-21
1.3516758379189593,-1.105320888565466e-21
1.3526763381690845,-6.104268334795682e-22
1.3536768384192095,-6.104268334795682e-22
1.3546773386693345,-6.104268334795682e-22
1.3556778389194597,-6.104268334795682e-22
1.3566783391695847,-6.104268334795682e-22
1.3576788394197097,-6.104268334795682e-22
1.358679339669835,-6.104268334795682e-22
1.3596798399199599,-6.104268334795682e-22
1.3606803401700849,-3.360342434423447e-22
1.36168084042021,-3.360342434423447e-22
1.362681340670335,-3.360342434423447e-22
1.36368184092046,-3.360342434423447e-22
1.3646823411705853,-1.8439032821289272e-22
1.3656828414207103,-1.8439032821289272e-22
1.3666833416708353,-1.8439032821289272e-22
1.3676838419209605,-1.8439032821289272e-22
1.3686843421710855,-1.8439032821289272e-22
1.3696848424212105,-1.0085499673950202e-22
1.3706853426713355,-1.0085499673950202e-22
1.3716858429214607,-1.0085499673950202e-22
1.3726863431715857,-1.0085499673950202e-22
1.3736868434217107,-1.0085499673950202e-22
1.3746873436718359,-5.498717185665148e-23
1.3756878439219609,-5.498717185665148e-23
1.3766883441720859,-5.498717185665148e-23
1.377688844422211,-5.498717185665148e-23
1.378689344672336,-2.9883401388134083e-23
1.379689844922461,-1.6188378666674392e-23
1.3806903451725863,-1.6188378666674392e-23
1.3816908454227113,-1.6188378666674392e-23
1.3826913456728362,-8.741407419052516e-24
1.3836918459229615,-8.741407419052516e-24
1.3846923461730865,-8.741407419052516e-24
1.3856928464232114,-8.741407419052516e-24
1.3866933466733367,-4.7050479254804696e-24
1.3876938469234616,-4.7050479254804696e-24
1.3886943471735866,-2.5243607691079056e-24
1.3896948474237119,-2.5243607691079056e-24
1.3906953476738368,-2.5243607691079056e-24
1.3916958479239618,-2.5243607691079056e-24
1.392696348174087,-1.350030171304728e-24
1.393696848424212,-1.350030171304728e-24
1.394697348674337,-1.350030171304728e-24
1.395697848924462,-1.350030171304728e-24
1.3966983491745872,-1.350030171304728e-24
1.3976988494247122,-1.350030171304728e-24
1.3986993496748372,-7.196812835575466e-25
1.3996998499249624,-7.196812835575466e-25
1.4007003501750874,-7.196812835575466e-25
1.4017008504252124,-7.196812835575466e-25
1.4027013506753376,-2.025572167133589e-25
1.4037018509254626,-2.025572167133589e-25
1.4047023511755876,-2.025572167133589e-25
1.4057028514257128,-2.025572167133589e-25
1.4067033516758378,-2.025572167133589e-25
1.4077038519259628,-2.025572167133589e-25
1.408704352176088,-1.0694451114013414e-25
1.409704852426213,-1.0694451114013414e-25
1.410705352676338,-1.0694451114013414e-25
1.4117058529264632,-5.628257516362847e-26
1.4127063531765882,-5.628257516362847e-26
1.4137068534267132,-5.628257516362847e-26
1.4147073536768384,-2.952528525131965e-26
1.4157078539269634,-2.952528525131965e-26
1.4167083541770884,-2.952528525131965e-26
1.4177088544272134,-1.5438991424691386e-26
1.4187093546773386,-1.5438991424691386e-26
1.4197098549274636,-1.5438991424691386e-26
1.4207103551775886,-8.047267381221953e-27
1.4217108554277138,-8.047267381221953e-27
1.4227113556778388,-8.047267381221953e-27
1.4237118559279638,-8.047267381221953e-27
1.424712356178089,-4.1810235998341865e-27
1.425712856428214,-4.1810235998341865e-27
1.426713356678339,-4.1810235998341865e-27
1.4277138569284642,-4.1810235998341865e-27
1.4287143571785892,-2.1653170124487382e-27
1.4297148574287142,-2.1653170124487382e-27
1.4307153576788394,-2.1653170124487382e-27
1.4317158579289644,-2.1653170124487382e-27
1.4327163581790894,-2.1653170124487382e-27
1.4337168584292146,-1.1178024032222199e-27
1.4347173586793396,-1.1178024032222199e-27
1.4357178589294646,-1.1178024032222199e-27
1.4367183591795898,-1.1178024032222199e-27
1.4377188594297148,-5.7519257565827615e-28
1.4387193596798398,-5.7519257565827615e-28
1.439719859929965,-5.7519257565827615e-28
1.44072036018009,-2.950300047519247e-28
1.441720860430215,-2.950300047519247e-28
1.44272136068034,-2.950300047519247e-28
1.4437218609304652,-2.950300047519247e-28
1.4447223611805902,-2.950300047519247e-28
1.4457228614307152,-1.5084252119957532e-28
1.4467233616808404,-1.5084252119957532e-28
1.4477238619309654,-1.5084252119957532e-28
1.4487243621810904,-7.68751649877727e-29
1.4497248624312156,-7.68751649877727e-29
1.4507253626813406,-7.68751649877727e-29
1.4517258629314655,-7.68751649877727e-29
1.4527263631815908,-7.68751649877727e-29
1.4537268634317158,-3.9052875861420413e-29
1.4547273636818407,-3.9052875861420413e-29
1.455727863931966,-3.9052875861420413e-29
1.456728364182091,-3.9052875861420413e-29
1.457728864432216,-3.9052875861420413e-29
1.4587293646823412,-3.9052875861420413e-29
1.4597298649324661,-3.9052875861420413e-29
1.4607303651825911,-3.9052875861420413e-29
1.4617308654327164,-1.9775372043877139e-29
1.4627313656828413,-1.9775372043877139e-29
1.4637318659329663,-1.9775372043877139e-29
1.4647323661830915,-9.981618951200801e-30
1.4657328664332165,-9.981618951200801e-30
1.4667333666833415,-9.981618951200801e-30
1.4677338669334665,-9.981618951200801e-30
1.4687343671835917,-5.022061101415247e-30
1.4697348674337167,-5.022061101415247e-30
1.4707353676838417,-5.022061101415247e-30
1.471735867933967,-2.5186491832128664e-30
1.472736368184092,-2.5186491832128664e-30
1.473736868434217,-2.5186491832128664e-30
1.4747373686843421,-2.5186491832128664e-30
1.4757378689344671,-2.5186491832128664e-30
1.4767383691845921,-2.5186491832128664e-30
1.4777388694347173,-1.2590936952880996e-30
1.4787393696848423,-1.2590936952880996e-30
1.4797398699349673,-1.2590936952880996e-30
1.4807403701850925,-6.274124041676309e-31
1.4817408704352175,-6.274124041676309e-31
1.4827413706853425,-6.274124041676309e-31
1.4837418709354677,-6.274124041676309e-31
1.4847423711855927,-3.116397403480708e-31
1.4857428714357177,-3.116397403480708e-31
1.486743371685843,-3.116397403480708e-31
1.487743871935968,-1.5429691715418864e-31
1.488744372186093,-1.5429691715418864e-31
1.489744872436218,-1.5429691715418864e-31
1.490745372686343,-1.5429691715418864e-31
1.491745872936468,-1.5429691715418864e-31
1.492746373186593,-7.61493754936823e-32
1.4937468734367183,-7.61493754936823e-32
1.4947473736868433,-7.61493754936823e-32
1.4957478739369683,-3.7461065428462044e-32
1.4967483741870935,-3.7461065428462044e-32
1.4977488744372185,-3.7461065428462044e-32
1.4987493746873435,-1.8369552890715314e-32
1.4997498749374687,-1.8369552890715314e-32
1.5007503751875937,-1.8369552890715314e-32
1.5017508754377187,-1.8369552890715314e-32
1.502751375687844,-1.8369552890715314e-32
1.5037518759379689,-8.978870929058413e-33
1.5047523761880939,-8.978870929058413e-33
1.505752876438219,-4.374712865570151e-33
1.506753376688344,-4.374712865570151e-33
1.507753876938469,-4.374712865570151e-33
1.5087543771885943,-2.1246238874896284e-33
1.5097548774387193,-2.1246238874896284e-33
1.5107553776888443,-2.1246238874896284e-33
1.5117558779389695,-2.1246238874896284e-33
1.5127563781890945,-2.1246238874896284e-33
1.5137568784392195,-1.0285354114050559e-33
1.5147573786893445,-1.0285354114050559e-33
1.5157578789394697,-1.0285354114050559e-33
1.5167583791895947,-1.0285354114050559e-33
1.5177588794397197,-4.963192491457144e-34
1.5187593796898449,-4.963192491457144e-34
1.5197598799399699,-4.963192491457144e-34
1.5207603801900949,-4.963192491457144e-34
1.52176088044022,-4.963192491457144e-34
1.522761380690345,-4.963192491457144e-34
1.52376188094047,-2.3873037023499173e-34
1.5247623811905953,-2.3873037023499173e-34
1.5257628814407203,-2.3873037023499173e-34
1.5267633816908452,-2.3873037023499173e-34
1.5277638819409705,-1.1446136110320302e-34
1.5287643821910955,-1.1446136110320302e-34
1.5297648824412204,-1.1446136110320302e-34
1.5307653826913457,-1.1446136110320302e-34
1.5317658829414706,-1.1446136110320302e-34
1.5327663831915956,-5.470346326498788e-35
1.5337668834417209,-5.470346326498788e-35
1.5347673836918458,-5.470346326498788e-35
1.5357678839419708,-2.606006055750336e-35
1.5367683841920958,-2.606006055750336e-35
1.537768884442221,-2.606006055750336e-35
1.538769384692346,-2.606006055750336e-35
1.539769884942471,-2.606006055750336e-35
1.5407703851925962,-1.2374871581561549e-35
1.5417708854427212,-1.2374871581561549e-35
1.5427713856928462,-1.2374871581561549e-35
1.5437718859429714,-1.2374871581561549e-35
1.5447723861930964,-1.2374871581561549e-35
1.5457728864432214,-1.2374871581561549e-35
1.5467733866933466,-1.2374871581561549e-35
1.5477738869434716,-1.2374871581561549e-35
1.5487743871935966,-5.8574779576340244e-36
1.5497748874437218,-2.7636644181981897e-36
1.5507753876938468,-2.7636644181981897e-36
1.5517758879439718,-2.7636644181981897e-36
1.552776388194097,-1.2997643865608556e-36
1.553776888444222,-1.2997643865608556e-36
1.554777388694347,-1.2997643865608556e-36
1.5557778889444722,-1.2997643865608556e-36
1.5567783891945972,-1.2997643865608556e-36
1.5577788894447222,-6.093245005510712e-37
1.5587793896948474,-6.093245005510712e-37
1.5597798899449724,-6.093245005510712e-37
1.5607803901950974,-6.093245005510712e-37
1.5617808904452224,-2.847326900255319e-37
1.5627813906953476,-2.847326900255319e-37
1.5637818909454726,-2.847326900255319e-37
1.5647823911955976,-2.847326900255319e-37
1.5657828914457228,-2.847326900255319e-37
1.5667833916958478,-1.3262662041010894e-37
1.5677838919459728,-1.3262662041010894e-37
1.568784392196098,-1.3262662041010894e-37
1.569784892446223,-1.3262662041010894e-37
1.570785392696348,-1.3262662041010894e-37
1.5717858929464732,-1.3262662041010894e-37
1.5727863931965982,-1.3262662041010894e-37
1.5737868934467232,-6.157845055933686e-38
1.5747873936968484,-6.157845055933686e-38
1.5757878939469734,-6.157845055933686e-38
1.5767883941970984,-6.157845055933686e-38
1.5777888944472236,-6.157845055933686e-38
1.5787893946973486,-2.8499122807977476e-38
1.5797898949474736,-2.8499122807977476e-38
1.5807903951975988,-1.3147370767355916e-38
1.5817908954477238,-1.3147370767355916e-38
1.5827913956978488,-1.3147370767355916e-38
1.583791895947974,-1.3147370767355916e-38
1.584792396198099,-6.04576149579458e-39
1.585792896448224,-6.04576149579458e-39
1.586793396698349,-6.04576149579458e-39
1.5877938969484742,-6.04576149579458e-39
1.5887943971985992,-6.04576149579458e-39
1.5897948974487242,-6.04576149579458e-39
1.5907953976988494,-2.7711995004458377e-39
1.5917958979489744,-2.7711995004458377e-39
1.5927963981990994,-2.7711995004458377e-39
1.5937968984492246,-2.7711995004458377e-39
1.5947973986993496,-1.2661619427460516e-39
1.5957978989494745,-1.2661619427460516e-39
1.5967983991995998,-5.766541227594183e-40
1.5977988994497248,-5.766541227594183e-40
1.5987993996998497,-2.6178588645820934e-40
1.599799899949975,-2.6178588645820934e-40
1.6008004002001,-2.6178588645820934e-40
1.601800900450225,-2.6178588645820934e-40
1.6028014007003502,-2.6178588645820934e-40
1.6038019009504751,-2.6178588645820934e-40
1.6048024012006001,-2.6178588645820934e-40
1.6058029014507254,-1.1846273044761427e-40
1.6068034017008503,-1.1846273044761427e-40
1.6078039019509753,-5.343452215151042e-41
1.6088044022011003,-5.343452215151042e-41
1.6098049024512255,-2.4025188480745945e-41
1.6108054027013505,-2.4025188480745945e-41
1.6118059029514755,-2.4025188480745945e-41
1.6128064032016007,-1.0767536655331026e-41
1.6138069034517257,-1.0767536655331026e-41
1.6148074037018507,-1.0767536655331026e-41
1.615807903951976,-4.810282652294231e-42
1.616808404202101,-4.810282652294231e-42
1.617808904452226,-4.810282652294231e-42
1.6188094047023511,-4.810282652294231e-42
1.6198099049524761,-4.810282652294231e-42
1.6208104052026011,-2.1420495642874574e-42
1.6218109054527263,-2.1420495642874574e-42
1.6228114057028513,-2.1420495642874574e-42
1.6238119059529763,-2.1420495642874574e-42
1.6248124062031015,-9.508086343974174e-43
1.6258129064532265,-9.508086343974174e-43
1.6268134067033515,-9.508086343974174e-43
1.6278139069534767,-9.508086343974174e-43
1.6288144072036017,-9.508086343974174e-43
1.6298149074537267,-4.206892361788303e-43
1.630815407703852,-4.206892361788303e-43
1.631815907953977,-4.206892361788303e-43
1.632816408204102,-1.855386385420442e-43
1.633816908454227,-1.855386385420442e-43
1.634817408704352,-1.855386385420442e-43
1.635817908954477,-1.855386385420442e-43
1.636818409204602,-1.855386385420442e-43
1.6378189094547273,-1.855386385420442e-43
1.6388194097048523,-8.156653483159106e-44
1.6398199099549773,-8.156653483159106e-44
1.6408204102051025,-8.156653483159106e-44
1.6418209104552275,-8.156653483159106e-44
1.6428214107053525,-8.156653483159106e-44
1.6438219109554777,-8.156653483159106e-44
1.6448224112056027,-3.574327494765051e-44
1.6458229114557277,-3.574327494765051e-44
1.646823411705853,-3.574327494765051e-44
1.6478239119559779,-3.574327494765051e-44
1.6488244122061029,-1.5612820008485093e-44
1.649824912456228,-1.5612820008485093e-44
1.650825412706353,-1.5612820008485093e-44
1.651825912956478,-1.5612820008485093e-44
1.6528264132066033,-6.797872990685325e-45
1.6538269134567283,-2.9503220233082865e-45
1.6548274137068533,-2.9503220233082865e-45
1.6558279139569785,-2.9503220233082865e-45
1.6568284142071035,-2.9503220233082865e-45
1.6578289144572285,-2.9503220233082865e-45
1.6588294147073535,-2.9503220233082865e-45
1.6598299149574787,-1.2763520439768843e-45
1.6608304152076037,-1.2763520439768843e-45
1.6618309154577287,-1.2763520439768843e-45
1.6628314157078539,-5.503972016775977e-46
1.6638319159579789,-5.503972016775977e-46
1.6648324162081038,-5.503972016775977e-46
1.665832916458229,-5.503972016775977e-46
1.666833416708354,-5.503972016775977e-46
1.667833916958479,-5.503972016775977e-46
1.6688344172086043,-5.503972016775977e-46
1.6698349174587293,-5.503972016775977e-46
1.6708354177088542,-2.3658469068960788e-46
1.6718359179589795,-2.3658469068960788e-46
1.6728364182091044,-1.0136820147375381e-46
1.6738369184592294,-1.0136820147375381e-46
1.6748374187093547,-4.3293383251236067e-47
1.6758379189594796,-4.3293383251236067e-47
1.6768384192096046,-1.843087666100326e-47
1.6778389194597298,-1.843087666100326e-47
1.6788394197098548,-1.843087666100326e-47
1.6798399199599798,-1.843087666100326e-47
1.6808404202101048,-1.843087666100326e-47
1.68184092046023,-1.843087666100326e-47
1.682841420710355,-1.843087666100326e-47
1.68384192096048,-1.843087666100326e-47
1.6848424212106052,-7.821231516940883e-48
1.6858429214607302,-7.821231516940883e-48
1.6868434217108552,-7.821231516940883e-48
1.6878439219609804,-3.3083311374607515e-48
1.6888444222111054,-3.3083311374607515e-48
1.6898449224612304,-3.3083311374607515e-48
1.6908454227113556,-3.3083311374607515e-48
1.6918459229614806,-3.3083311374607515e-48
1.6928464232116056,-3.3083311374607515e-48
1.6938469234617308,-5.8626056192566985e-49
1.6948474237118558,-2.456057650143865e-49
1.6958479239619808,-2.456057650143865e-49
1.696848424212106,-2.456057650143865e-49
1.697848924462231,-1.0256309438578775e-49
1.698849424712356,-1.0256309438578775e-49
1.6998499249624812,-1.0256309438578775e-49
1.7008504252126062,-4.269218236488393e-50
1.7018509254627312,-4.269218236488393e-50
1.7028514257128564,-4.269218236488393e-50
1.7038519259629814,-1.7713740514640057e-50
1.7048524262131064,-1.7713740514640057e-50
1.7058529264632314,-1.7713740514640057e-50
1.7068534267133566,-1.7713740514640057e-50
1.7078539269634816,-1.7713740514640057e-50
1.7088544272136066,-7.326168161536367e-51
1.7098549274637318,-3.0202866954551725e-51
1.7108554277138568,-3.0202866954551725e-51
1.7118559279639818,-3.0202866954551725e-51
1.712856428214107,-3.0202866954551725e-51
1.713856928464232,-3.0202866954551725e-51
1.714857428714357,-1.24114961828154e-51
1.7158579289644822,-1.24114961828154e-51
1.7168584292146072,-5.083991180670144e-52
1.7178589294647322,-5.083991180670144e-52
1.7188594297148574,-5.083991180670144e-52
1.7198599299649824,-5.083991180670144e-52
1.7208604302151074,-2.075822050359168e-52
1.7218609304652326,-2.075822050359168e-52
1.7228614307153576,-2.075822050359168e-52
1.7238619309654826,-2.075822050359168e-52
1.7248624312156078,-2.075822050359168e-52
1.7258629314657328,-2.075822050359168e-52
1.7268634317158578,-2.075822050359168e-52
1.7278639319659828,-2.075822050359168e-52
1.728864432216108,-8.448510249906889e-53
1.729864932466233,-8.448510249906889e-53
1.730865432716358,-8.448510249906889e-53
1.7318659329664832,-8.448510249906889e-53
1.7328664332166082,-8.448510249906889e-53
1.7338669334667332,-8.448510249906889e-53
1.7348674337168584,-8.448510249906889e-53
1.7358679339669834,-8.448510249906889e-53
1.7368684342171083,-3.427479229589214e-53
1.7378689344672336,-3.427479229589214e-53
1.7388694347173586,-1.386035040879732e-53
1.7398699349674835,-1.386035040879732e-53
1.7408704352176088,-1.386035040879732e-53
1.7418709354677337,-2.2448483748620048e-54
1.7428714357178587,-8.99084347092746e-55
1.743871935967984,-8.99084347092746e-55
1.744872436218109,-8.99084347092746e-55
1.745872936468234,-8.99084347092746e-55
1.7468734367183592,-8.99084347092746e-55
1.7478739369684841,-3.5893725973977655e-55
1.7488744372186091,-3.5893725973977655e-55
1.7498749374687343,-3.5893725973977655e-55
1.7508754377188593,-1.4283720093170687e-55
1.7518759379689843,-1.4283720093170687e-55
1.7528764382191093,-1.4283720093170687e-55
1.7538769384692345,-1.4283720093170687e-55
1.7548774387193595,-1.4283720093170687e-55
1.7558779389694845,-5.665898643217654e-56
1.7568784392196097,-5.665898643217654e-56
1.7578789394697347,-5.665898643217654e-56
1.7588794397198597,-5.665898643217654e-56
1.759879939969985,-2.240273044023767e-56
1.76088044022011,-2.240273044023767e-56
1.761880940470235,-2.240273044023767e-56
1.7628814407203601,-2.240273044023767e-56
1.7638819409704851,-2.240273044023767e-56
1.76488244122061,-2.240273044023767e-56
1.7658829414707353,-8.829534083266386e-57
1.7668834417208603,-8.829534083266386e-57
1.7678839419709853,-8.829534083266386e-57
1.7688844422211105,-3.4688003421327643e-57
1.7698849424712355,-3.4688003421327643e-57
1.7708854427213605,-3.4688003421327643e-57
1.7718859429714857,-3.4688003421327643e-57
1.7728864432216107,-1.3583932077579098e-57
1.7738869434717357,-5.302447549776248e-58
1.774887443721861,-5.302447549776248e-58
1.775887943971986,-5.302447549776248e-58
1.776888444222111,-5.302447549776248e-58
1.7778889444722359,-2.063155410899753e-58
1.778889444722361,-2.063155410899753e-58
1.779889944972486,-2.063155410899753e-58
1.780890445222611,-2.063155410899753e-58
1.7818909454727363,-8.001882817236478e-59
1.7828914457228613,-8.001882817236478e-59
1.7838919459729863,-8.001882817236478e-59
1.7848924462231115,-8.001882817236478e-59
1.7858929464732365,-8.001882817236478e-59
1.7868934467233615,-3.0935498090678277e-59
1.7878939469734867,-3.0935498090678277e-59
1.7888944472236117,-1.1921385194406146e-59
1.7898949474737367,-1.1921385194406146e-59
1.7908954477238619,-1.1921385194406146e-59
1.7918959479739869,-1.1921385194406146e-59
1.7928964482241119,-1.1921385194406146e-59
1.793896948474237,-1.1921385194406146e-59
1.794897448724362,-1.1921385194406146e-59
1.795897948974487,-4.579320187268828e-60
1.7968984492246123,-4.579320187268828e-60
1.7978989494747373,-4.579320187268828e-60
1.7988994497248623,-4.579320187268828e-60
1.7998999499749873,-4.579320187268828e-60
1.8009004502251125,-4.579320187268828e-60
1.8019009504752375,-4.579320187268828e-60
1.8029014507253625,-4.579320187268828e-60
1.8039019509754877,-1.7533958823528143e-60
1.8049024512256127,-1.7533958823528143e-60
1.8059029514757377,-1.7533958823528143e-60
1.8069034517258629,-6.692118707539566e-61
1.8079039519759879,-6.692118707539566e-61
1.8089044522261128,-6.692118707539566e-61
1.809904952476238,-6.692118707539566e-61
1.810905452726363,-6.692118707539566e-61
1.811905952976488,-2.5459623193748363e-61
1.8129064532266133,-2.5459623193748363e-61
1.8139069534767382,-2.5459623193748363e-61
1.8149074537268632,-2.5459623193748363e-61
1.8159079539769885,-2.5459623193748363e-61
1.8169084542271134,-2.5459623193748363e-61
1.8179089544772384,-9.654837962540709e-62
1.8189094547273637,-9.654837962540709e-62
1.8199099549774886,-9.654837962540709e-62
1.8209104552276136,-3.649578328150064e-62
1.8219109554777388,-3.649578328150064e-62
1.8229114557278638,-3.649578328150064e-62
1.8239119559779888,-3.649578328150064e-62
1.8249124562281138,-1.3751341600183208e-62
1.825912956478239,-1.3751341600183208e-62
1.826913456728364,-1.3751341600183208e-62
1.827913956978489,-1.3751341600183208e-62
1.8289144572286142,-1.3751341600183208e-62
1.8299149574787392,-5.164783653505414e-63
1.8309154577288642,-5.164783653505414e-63
1.8319159579789894,-5.164783653505414e-63
1.8329164582291144,-5.164783653505414e-63
1.8339169584792394,-5.164783653505414e-63
1.8349174587293646,-5.164783653505414e-63
1.8359179589794896,-5.164783653505414e-63
1.8369184592296146,-5.164783653505414e-63
1.8379189594797398,-5.164783653505414e-63
1.8389194597298648,-5.164783653505414e-63
1.8399199599799898,-5.164783653505414e-63
1.840920460230115,-1.9335877219677253e-63
1.84192096048024,-1.9335877219677253e-63
1.842921460730365,-1.9335877219677253e-63
1.8439219609804902,-1.9335877219677253e-63
1.8449224612306152,-1.9335877219677253e-63
1.8459229614807402,-7.215730546433781e-64
1.8469234617308652,-7.215730546433781e-64
1.8479239619809904,-7.215730546433781e-64
1.8489244622311154,-2.684116838971789e-64
1.8499249624812404,-2.684116838971789e-64
1.8509254627313656,-2.684116838971789e-64
1.8519259629814906,-2.684116838971789e-64
1.8529264632316156,-9.952385918164355e-65
1.8539269634817408,-9.952385918164355e-65
1.8549274637318658,-9.952385918164355e-65
1.8559279639819908,-9.952385918164355e-65
1.856928464232116,-3.678389222476245e-65
1.857928964482241,-3.678389222476245e-65
1.858929464732366,-3.678389222476245e-65
1.8599299649824912,-3.678389222476245e-65
1.8609304652326162,-3.678389222476245e-65
1.8619309654827412,-3.678389222476245e-65
1.8629314657328664,-3.678389222476245e-65
1.8639319659829914,-3.678389222476245e-65
1.8649324662331164,-1.3551670602768697e-65
1.8659329664832416,-1.3551670602768697e-65
1.8669334667333666,-1.3551670602768697e-65
1.8679339669834916,-1.3551670602768697e-65
1.8689344672336168,-1.3551670602768697e-65
1.8699349674837418,-1.3551670602768697e-65
1.8709354677338668,-1.3551670602768697e-65
1.8719359679839918,-4.976599300139793e-66
1.872936468234117,-4.976599300139793e-66
1.873936968484242,-1.821701405680908e-66
1.874937468734367,-1.821701405680908e-66
1.8759379689844922,-6.64701095750537e-67
1.8769384692346172,-6.64701095750537e-67
1.8779389694847421,-2.417576792058237e-67
1.8789394697348674,-2.417576792058237e-67
1.8799399699849924,-8.764736075746881e-68
1.8809404702351173,-3.1673940042784258e-68
1.8819409704852426,-3.1673940042784258e-68
1.8829414707353676,-3.1673940042784258e-68
1.8839419709854925,-3.1673940042784258e-68
1.8849424712356178,-3.1673940042784258e-68
1.8859429714857427,-1.1409589499575538e-68
1.8869434717358677,-1.1409589499575538e-68
1.887943971985993,-4.0967798854337076e-69
1.888944472236118,-4.0967798854337076e-69
1.889944972486243,-4.0967798854337076e-69
1.8909454727363681,-1.4662901716884082e-69
1.8919459729864931,-5.2312069170037634e-70
1.8929464732366181,-5.2312069170037634e-70
1.8939469734867433,-5.2312069170037634e-70
1.8949474737368683,-1.860323857248923e-70
1.8959479739869933,-1.860323857248923e-70
1.8969484742371183,-1.860323857248923e-70
1.8979489744872435,-6.594469964904918e-71
1.8989494747373685,-2.330107273265918e-71
1.8999499749874935,-2.330107273265918e-71
1.9009504752376187,-2.330107273265918e-71
1.9019509754877437,-2.330107273265918e-71
1.9029514757378687,-2.330107273265918e-71
1.903951975987994,-2.330107273265918e-71
1.904952476238119,-2.330107273265918e-71
1.905952976488244,-8.206852318252175e-72
1.9069534767383691,-8.206852318252175e-72
1.9079539769884941,-2.8812570358758365e-72
1.908954477238619,-2.8812570358758365e-72
1.9099549774887443,-2.8812570358758365e-72
1.9109554777388693,-1.008305346653549e-72
1.9119559779889943,-1.008305346653549e-72
1.9129564782391195,-1.008305346653549e-72
1.9139569784892445,-1.008305346653549e-72
1.9149574787393695,-3.5172789984136333e-73
1.9159579789894947,-3.5172789984136333e-73
1.9169584792396197,-3.5172789984136333e-73
1.9179589794897447,-3.5172789984136333e-73
1.9189594797398697,-1.2229994160051522e-73
1.919959979989995,-1.2229994160051522e-73
1.92096048024012,-1.2229994160051522e-73
1.9219609804902449,-4.238872584537074e-74
1.92296148074037,-4.238872584537074e-74
1.923961980990495,-4.238872584537074e-74
1.92496248124062,-1.4644655407917384e-74
1.9259629814907453,-1.4644655407917384e-74
1.9269634817408703,-1.4644655407917384e-74
1.9279639819909953,-1.4644655407917384e-74
1.9289644822411205,-5.043274810908075e-75
1.9299649824912455,-5.043274810908075e-75
1.9309654827413705,-5.043274810908075e-75
1.9319659829914957,-5.043274810908075e-75
1.9329664832416207,-1.731214147066138e-75
1.9339669834917457,-1.731214147066138e-75
1.9349674837418709,-1.731214147066138e-75
1.9359679839919959,-1.731214147066138e-75
1.9369684842421209,-1.731214147066138e-75
1.937968984492246,-1.731214147066138e-75
1.938969484742371,-1.731214147066138e-75
1.939969984992496,-1.731214147066138e-75
1.9409704852426213,-1.731214147066138e-75
1.9419709854927463,-5.923707870267545e-76
1.9429714857428713,-5.923707870267545e-76
1.9439719859929963,-5.923707870267545e-76
1.9449724862431215,-5.923707870267545e-76
1.9459729864932465,-5.923707870267545e-76
1.9469734867433715,-5.923707870267545e-76
1.9479739869934967,-2.0204176583117402e-76
1.9489744872436217,-2.0204176583117402e-76
1.9499749874937466,-2.0204176583117402e-76
1.9509754877438719,-6.868997528202117e-77
1.9519759879939969,-6.868997528202117e-77
1.9529764882441218,-6.868997528202117e-77
1.953976988494247,-6.868997528202117e-77
1.954977488744372,-6.868997528202117e-77
1.955977988994497,-6.868997528202117e-77
1.9569784892446223,-7.863426197758117e-78
1.9579789894947472,-2.6477566380341037e-78
1.9589794897448722,-2.6477566380341037e-78
1.9599799899949975,-2.6477566380341037e-78
1.9609804902451224,-2.6477566380341037e-78
1.9619809904952474,-8.886873492862909e-79
1.9629814907453726,-8.886873492862909e-79
1.9639819909954976,-8.886873492862909e-79
1.9649824912456226,-8.886873492862909e-79
1.9659829914957476,-8.886873492862909e-79
1.9669834917458728,-2.9732033418869994e-79
1.9679839919959978,-2.9732033418869994e-79
1.9689844922461228,-2.9732033418869994e-79
1.969984992496248,-2.9732033418869994e-79
1.970985492746373,-9.915278304929366e-80
1.971985992996498,-9.915278304929366e-80
1.9729864932466232,-9.915278304929366e-80
1.9739869934967482,-9.915278304929366e-80
1.9749874937468732,-9.915278304929366e-80
1.9759879939969984,-9.915278304929366e-80
1.9769884942471234,-9.915278304929366e-80
1.9779889944972484,-3.2960203690135698e-80
1.9789894947473736,-3.2960203690135698e-80
1.9799899949974986,-3.2960203690135698e-80
1.9809904952476236,-3.2960203690135698e-80
1.9819909954977488,-1.0921431022288888e-80
1.9829914957478738,-1.0921431022288888e-80
1.9839919959979988,-1.0921431022288888e-80
1.984992496248124,-1.0921431022288888e-80
1.985992996498249,-3.607230458919146e-81
1.986993496748374,-3.607230458919146e-81
1.9879939969984992,-3.607230458919146e-81
1.9889944972486242,-3.897414708497421e-82
1.9899949974987492,-3.897414708497421e-82
1.9909954977488742,-3.897414708497421e-82
1.9919959979989994,-3.897414708497421e-82
1.9929964982491244,-3.897414708497421e-82
1.9939969984992494,-1.2749260881383264e-82
1.9949974987493746,-1.2749260881383264e-82
1.9959979989994996,-1.2749260881383264e-82
1.9969984992496246,-4.157172809414137e-83
1.9979989994997498,-4.157172809414137e-83
1.9989994997498748,-4.157172809414137e-83
2.0,-4.157172809414137e-83
